﻿{"cameraMode":{"drawMode":0,"name":"Shaded","section":"Shading Mode"},"sceneLighting":true,"audioPlay":false,"sceneViewState":{"showFog":true,"showMaterialUpdate":false,"showSkybox":true,"showFlares":true,"showImageEffects":true,"showParticleSystems":true},"in2DMode":false,"pivot":{"x":8.850471496582032,"y":-6.977272987365723,"z":-41.928653717041019},"rotation":{"x":-0.055304430425167087,"y":-0.3968805968761444,"z":0.023965250700712205,"w":-0.9158922433853149},"size":7.963414669036865,"orthographic":false}