﻿{"cameraMode":{"drawMode":0,"name":"Shaded","section":"Shading Mode"},"sceneLighting":true,"audioPlay":false,"sceneViewState":{"showFog":true,"showMaterialUpdate":false,"showSkybox":true,"showFlares":true,"showImageEffects":true,"showParticleSystems":true},"in2DMode":false,"pivot":{"x":-9.446352005004883,"y":9.757353782653809,"z":-28.238750457763673},"rotation":{"x":0.04799408093094826,"y":0.2667163610458374,"z":-0.013249542564153672,"w":0.9625254273414612},"size":21.083927154541017,"orthographic":false}